departement,email,name,party,picture,twitter,featured,supporter
95,fiona.lazaar@assemblee-nationale.fr,Fiona Lazaar,Députée LREM,images/thumbs/fiona-lazaar.jpg,@fionalazaar,True,False
58,patrice.perrot@assemblee-nationale.fr,Patrice Perrot,Député LREM,images/thumbs/patrice-perrot.jpg,,True,False
44,sarah.elhairy@assemblee-nationale.fr,Sarah El Haïry,Députée MODEM,images/thumbs/sarah-el-hairy.jpg,@sarahelhairy,True,False
38,elodie.jacquier-laforge@assemblee-nationale.fr,Élodie Jacquier-Laforge,Députée MODEM,images/thumbs/elodie-jacquier-laforge.jpg,@elodiejala,True,False
07,fabrice.brun@assemblee-nationale.fr,Fabrice Brun,Député LR,images/thumbs/fabrice-brun.jpg,@FabriceBrun,True,False
11,daniele.herin@assemblee-nationale.fr,Danièle Hérin,Députée LREM,images/thumbs/daniele-herin.jpg,@Daniele_herin,True,False
57,richard.lioger@assemblee-nationale.fr,Richard Lioger,Député LREM,images/thumbs/richard-lioger.jpg,@LiogerRichard,True,False
62,benoit.potterie@assemblee-nationale.fr,Benoit Potterie,Député LREM,images/thumbs/benoit-potterie.jpg,@benoitpotterie,True,False
33,loic.prudhomme@assemblee-nationale.fr,Loïc Prud'homme,Député LFI,images/thumbs/loic-prud-homme.jpg,@PrudhommeLoic,True,False
60,agnes.thill@assemblee-nationale.fr,Agnès Thill,Députée LREM,images/thumbs/agnes-thill.jpg,@ThillAgnes,True,False
95,aurelien.tache@en-marche.fr,Aurélien Taché,Député LREM,images/thumbs/aurelien-tache.jpg,@Aurelientache,False,False
85,philippelatombe.enmarche85@gmail.com,Philippe Latombe,Député MODEM,images/thumbs/philippe-latombe.jpg,@platombe,True,False
13,eric.diard@assemblee-nationale.fr,Éric Diard,Député LR,images/thumbs/eric-diard.jpg,@DiardEric,True,False
69,yves.blein@assemblee-nationale.fr,Yves Blein,Député LREM,images/thumbs/yves-blein.jpg,@yves_blein,True,False
12,anne.blanc@assemblee-nationale.fr,Anne Blanc,Députée LREM,images/thumbs/anne-blanc.jpg,@AnneBlanc_12,True,False
93,sylvie.charriere@assemblee-nationale.fr,Sylvie Charrière,Députée LREM,images/thumbs/sylvie-charriere.jpg,@SylvieCharriere,True,False
60,pierre.vatin@assemblee-nationale.fr,Pierre Vatin,Député LR,images/thumbs/pierre-vatin.jpg,,False,False
44,permanence-depute@yves-daniel.org,Yves Daniel,Député LREM,images/thumbs/yves-daniel.jpg,@ydaniel_depute,False,False
13,valerie.boyer@assemblee-nationale.fr,Valérie Boyer,Députée LR,images/thumbs/valerie-boyer.jpg,@valerieboyer13,False,False
80,permanence@jcleclabart.fr,Jean-Claude Leclabart,Député LREM,images/thumbs/jean-claude-leclabart.jpg,@JLeclabart,True,False
77,rodrigue.kokouendo@assemblee-nationale.fr,Rodrigue Kokouendo,Député LREM,images/thumbs/rodrigue-kokouendo.jpg,@RKokouendoJ,True,False
31,monique.iborra@assemblee-nationale.fr,Monique Iborra,Députée LREM,images/thumbs/monique-iborra.jpg,@MoniqueIborra,True,False
91,pierre-alain.raphan@assemblee-nationale.fr,Pierre-Alain Raphan,Député LREM,images/thumbs/pierre-alain-raphan.jpg,@p_a_raphan,True,False
50,bertrand.sorre@assemblee-nationale.fr,Bertrand Sorre,Député LREM,images/thumbs/bertrand-sorre.jpg,@BertrandSorre,True,False
49,philippe.bolo@assemblee-nationale.fr,Philippe Bolo,Député MODEM,images/thumbs/philippe-bolo.jpg,@phbolo,True,False
69,cyrille.isaac-sibille@assemblee-nationale.fr,Cyrille Isaac-Sibille,Député MODEM,images/thumbs/cyrille-isaac-sibille.jpg,@Cisaacsibille,False,False
64,matteijeanpaul@icloud.com,Jean-Paul Mattei,Député MODEM,images/thumbs/jean-paul-mattei.jpg,@jp_mattei,True,False
987,sanquern@yahoo.fr,Nicole Sanquer,Députée UAI,images/thumbs/nicole-sanquer.jpg,,True,False
88,contact@stephaneviry.fr,Stéphane Viry,Député LR,images/thumbs/stephane-viry.jpg,@ViryStephane,True,False
30,francoise.dumas@assemblee-nationale.fr,Françoise Dumas,Députée LREM,images/thumbs/francoise-dumas.jpg,@fdumasdeputee,True,False
14,alain.tourret@assemblee-nationale.fr,Alain Tourret,Député LREM,images/thumbs/alain-tourret.jpg,@AlainTourret,True,False
16,sandra.marsaud@assemblee-nationale.fr,Sandra Marsaud,Députée LREM,images/thumbs/sandra-marsaud.jpg,@MARSAUDSandra,True,False
04,christophe.castaner@assemblee-nationale.fr,Christophe Castaner,Député LREM,images/thumbs/christophe-castaner.jpg,@CCastaner,True,False
31,mickael.nogal@assemblee-nationale.fr,Mickaël Nogal,Député LREM,images/thumbs/mickael-nogal.jpg,@mickaelnogal,False,False
24,jpcubertafon@orange.fr,Jean-Pierre Cubertafon,Député MODEM,images/thumbs/jean-pierre-cubertafon.jpg,,True,False
67,martine.wonner@assemblee-nationale.fr,Martine Wonner,Députée LREM,images/thumbs/martine-wonner.jpg,@MartineWonner,True,False
57,nicole.gries-trisse@assemblee-nationale.fr,Nicole Trisse,Députée LREM,images/thumbs/nicole-trisse.jpg,@NicoleTrisse,False,False
94,guillaume.gouffier-cha@assemblee-nationale.fr,Guillaume Gouffier-Cha,Député LREM,images/thumbs/guillaume-gouffier-cha.jpg,@g_gouffiercha,True,False
63,andre.chassaigne@assemblee-nationale.fr,André Chassaigne,Député GDR,images/thumbs/andre-chassaigne.jpg,@AndreChassaigne,True,False
40,Fabien.Laine@assemblee-nationale.fr,Fabien Lainé,Député MODEM,images/thumbs/fabien-laine.jpg,,True,False
84,Adrien.Morenas@assemblee-nationale.fr,Adrien Morenas,Député LREM,images/thumbs/adrien-morenas.jpg,@AdrienMorenas,True,False
25,fannette.charvier@assemblee-nationale.fr,Fannette Charvier,Députée LREM,images/thumbs/fannette-charvier.jpg,@F_Charvier,True,False
57,brahim.hammouche@assemblee-nationale.fr,Brahim Hammouche,Député MODEM,images/thumbs/brahim-hammouche.jpg,@BHammouche5708,False,False
33,contact@florentboudie.fr,Florent Boudié,Député LREM,images/thumbs/florent-boudie.jpg,@florent_boudie,False,False
62,j-maquet@orange.fr,Jacqueline Maquet,Députée LREM,images/thumbs/jacqueline-maquet.jpg,@JMaquetDeputee,False,False
22,eric.bothorel@assemblee-nationale.fr,Éric Bothorel,Député LREM,images/thumbs/eric-bothorel.jpg,@ebothorel,True,False
02C,jean-jacques.ferrara@assemblee-nationale.fr,Jean-Jacques Ferrara,Député LR,images/thumbs/jean-jacques-ferrara.jpg,@jjferrarafb,True,False
49,stella.dupont@assemblee-nationale.fr,Stella Dupont,Députée LREM,images/thumbs/stella-dupont.jpg,@stelladupont,False,False
63,laurence.vichnievsky@assemblee-nationale.fr,Laurence Vichnievsky,Députée MODEM,images/thumbs/laurence-vichnievsky.jpg,@LVichnievsky,False,False
63,michel.fanget@assemblee-nationale.fr,Michel Fanget,Député MODEM,images/thumbs/michel-fanget.jpg,@michelfanget,False,False
02,jacques.krabal@assemblee-nationale.fr,Jacques Krabal,Député LREM,images/thumbs/jacques-krabal.jpg,@JKrabal,True,False
69,thomas.gassilloud@assemblee-nationale.fr,Thomas Gassilloud,Député LREM,images/thumbs/thomas-gassilloud.jpg,@tgassilloud,False,False
59,anne-laure.cattelot@assemblee-nationale.fr,Anne-Laure Cattelot,Députée LREM,images/thumbs/anne-laure-cattelot.jpg,@ALCattelot,True,False
49,denis.masseglia@assemblee-nationale.fr,Denis Masséglia,Député LREM,images/thumbs/denis-masseglia.jpg,@denis_Masseglia,False,False
22,herve.berville@assemblee-nationale.fr,Hervé Berville,Député LREM,images/thumbs/herve-berville.jpg,@HerveBerville,False,False
999,contact@mjidelguerrab.fr,M'jid El Guerrab,Député NI,images/thumbs/m-jid-el-guerrab.jpg,@elguerrab_mjid,True,False
95,zivka.park@assemblee-nationale.fr,Zivka Park,Députée LREM,images/thumbs/zivka-park.jpg,@zivkapark,False,False
27,bruno.questel@assemblee-nationale.fr,Bruno Questel,Député LREM,images/thumbs/bruno-questel.jpg,@BQuestel,True,False
01,charlesdelaverpilliere@orange.fr,Charles de la Verpillière,Député LR,images/thumbs/charles-de-la-verpilliere.jpg,@delaverpilliere,True,False
93,alain.ramadier@assemblee-nationale.fr,Alain Ramadier,Député LR,images/thumbs/alain-ramadier.jpg,@alainramadier,False,False
13,bernard.reynes@assemblee-nationale.fr,Bernard Reynès,Député LR,images/thumbs/bernard-reynes.jpg,@bernardreynes,False,False
32,biemouret.gisele@orange.fr,Gisèle Biémouret,Députée NG,images/thumbs/gisele-biemouret.jpg,@GiseleBiemouret,True,False
43,isabelle.valentin@assemblee-nationale.fr,Isabelle Valentin,Députée LR,images/thumbs/isabelle-valentin.jpg,@isavalentin43,True,False
72,jean-carles.grelier@assemblee-nationale.fr,Jean-Carles Grelier,Député LR,images/thumbs/jean-carles-grelier.jpg,@JCGrelier,True,False
44,aude.amadou@assemblee-nationale.fr,Aude Amadou,Députée LREM,images/thumbs/aude-amadou.jpg,@AudeAmadou,False,False
59,francis.vercamer@assemblee-nationale.fr,Francis Vercamer,Député UAI,images/thumbs/francis-vercamer.jpg,@FVercamer,False,False
47,michel.lauzzana@assemblee-nationale.fr,Michel Lauzzana,Député LREM,images/thumbs/michel-lauzzana.jpg,@lauzzanamichel,True,False
36,nicolas.forissier@assemblee-nationale.fr,Nicolas Forissier,Député LR,images/thumbs/nicolas-forissier.jpg,@N_Forissier,True,False
34,patricia.miralles@assemblee-nationale.fr,Patricia Mirallès,Députée LREM,images/thumbs/patricia-miralles.jpg,@MIRALLESMP,True,False
92,constance.legrip@assemblee-nationale.fr,Constance Le Grip,Députée LR,images/thumbs/constance-le-grip.jpg,@ConstanceLeGrip,True,False
971,max.mathiasin@assemblee-nationale.fr,Max Mathiasin,Député MODEM,images/thumbs/max-mathiasin.jpg,@MaxMathiasin,True,False
91,robinreda91@gmail.com,Robin Reda,Député LR,images/thumbs/robin-reda.jpg,@robinreda,False,False
21,remi.delatte@assemblee-nationale.fr,Rémi Delatte,Député LR,images/thumbs/remi-delatte.jpg,,True,False
85,martine.leguille-balloy@assemblee-nationale.fr,Martine Leguille-Balloy,Députée LREM,images/thumbs/martine-leguille-balloy.jpg,@LeguilleBalloy,False,False
69,anissa.khedher@assemblee-nationale.fr,Anissa Khedher,Députée LREM,images/thumbs/anissa-khedher.jpg,@Anissa_Khedher,False,False
13,jean-luc.melenchon@assemblee-nationale.fr,Jean-Luc Mélenchon,Député LFI,images/thumbs/jean-luc-melenchon.jpg,@jlmelenchon,False,False
977,claire.javois@assemblee-nationale.fr,Claire Guion-Firmin,Députée LR,images/thumbs/claire-guion-firmin.jpg,,True,False
85,pierre.henriet@assemblee-nationale.fr,Pierre Henriet,Député LREM,images/thumbs/pierre-henriet.jpg,@HenrietPierre,False,False
24,philippe.chassaing@assemblee-nationale.fr,Philippe Chassaing,Député LREM,images/thumbs/philippe-chassaing.jpg,,False,False
27,fabien.gouttefarde@assemblee-nationale.fr,Fabien Gouttefarde,Député LREM,images/thumbs/fabien-gouttefarde.jpg,@FabienGoutte,False,False
14,fabrice.levigoureux@assemblee-nationale.fr,Fabrice Le Vigoureux,Député LREM,images/thumbs/fabrice-le-vigoureux.jpg,@LeVigoureuxF,False,False
92,elsa.faucillon@assemblee-nationale.fr,Elsa Faucillon,Députée GDR,images/thumbs/elsa-faucillon.jpg,@elsafaucillon,False,False
54,aec.carolinefiat@gmail.com,Caroline Fiat,Députée LFI,images/thumbs/caroline-fiat.jpg,@CarolineFiat54,True,False
33,pascal.lavergne@assemblee-nationale.fr,Pascal Lavergne,Député LREM,images/thumbs/.jpg,,False,False
67,info@antoine-herth.fr,Antoine Herth,Député UAI,images/thumbs/antoine-herth.jpg,@antoineherth,False,False
51,eric.girardin@assemblee-nationale.fr,Éric Girardin,Député LREM,images/thumbs/eric-girardin.jpg,@GirardinEric,True,False
27,Severine.Gipson@assemblee-nationale.fr,Séverine Gipson,Députée LREM,images/thumbs/severine-gipson.jpg,@severine_gipson,False,False
41,mleroy.depute41@orange.fr,Maurice Leroy,Député UDI,images/thumbs/maurice-leroy.jpg,@MauriceLeroy,True,False
999,amelia.lakrafi@assemblee-nationale.fr,Amal-Amélia Lakrafi,Députée LREM,images/thumbs/amal-amelia-lakrafi.jpg,@amelia_lkf,False,False
31,jean-francois.portarrieu@assemblee-nationale.fr,Jean-François Portarrieu,Député LREM,images/thumbs/jean-francois-portarrieu.jpg,@jfportarrieu,False,False
03,benedicte.peyrol@assemblee-nationale.fr,Bénédicte Peyrol,Députée LREM,images/thumbs/benedicte-peyrol.jpg,@B_Peyrol,True,False
38,caroline.abadie@assemblee-nationale.fr,Caroline Abadie,Députée LREM,images/thumbs/caroline-abadie.jpg,@AbadieCaroline,False,False
28,philippe.vigier@assemblee-nationale.fr,Philippe Vigier,Député UAI,images/thumbs/philippe-vigier.jpg,@VigierPhilippe,True,False
36,francois.jolivet@assemblee-nationale.fr,François Jolivet,Député LREM,images/thumbs/francois-jolivet.jpg,@FJolivet36,False,False
53,geraldine.bannier@assemblee-nationale.fr,Géraldine Bannier,Députée MODEM,images/thumbs/geraldine-bannier.jpg,@Bannier_G,True,False
974,david.lorion@assemblee-nationale.fr,David Lorion,Député LR,images/thumbs/david-lorion.jpg,@David_Lorion,True,False
52,francois.cornut-gentille@assemblee-nationale.fr,François Cornut-Gentille,Député LR,images/thumbs/francois-cornut-gentille.jpg,@FCornutGentille,True,False
69,bernard.perrut@assemblee-nationale.fr,Bernard Perrut,Député LR,images/thumbs/bernard-perrut.jpg,@b_perrut,False,False
988,philippe.dunoyer@assemblee-nationale.fr,Philippe Dunoyer,Député UAI,images/thumbs/philippe-dunoyer.jpg,,True,False
84,jcbouchet@jcbouchet.fr,Jean-Claude Bouchet,Député LR,images/thumbs/jean-claude-bouchet.jpg,@JCBOUCHET,False,False
21,permanence.dparis@gmail.com,Didier Paris,Député LREM,images/thumbs/didier-paris.jpg,,False,False
94,maud.petit@assemblee-nationale.fr,Maud Petit,Députée MODEM,images/thumbs/maud-petit.jpg,@MaudPetit_AN94,False,False
19,frederique.meunier@assemblee-nationale.fr,Frédérique Meunier,Députée LR,images/thumbs/frederique-meunier.jpg,@fmeunier19,True,False
12,arnaud.viala@assemblee-nationale.fr,Arnaud Viala,Député LR,images/thumbs/arnaud-viala.jpg,@arnaudviala,False,False
31,corinne.vignon@assemblee-nationale.fr,Corinne Vignon,Députée LREM,images/thumbs/corinne-vignon.jpg,@corinnevignon,False,False
59,alain.bruneel@assemblee-nationale.fr,Alain Bruneel,Député GDR,images/thumbs/alain-bruneel.jpg,@Alain_Bruneel,False,False
84,julien.aubert@assemblee-nationale.fr,Julien Aubert,Député LR,images/thumbs/julien-aubert.jpg,@JulienAubert84,False,False
84,brune.poirson@assemblee-nationale.fr,Brune Poirson,Députée LREM,images/thumbs/brune-poirson.jpg,@brunepoirson,False,False
94,gilles.carrez@assemblee-nationale.fr,Gilles Carrez,Député LR,images/thumbs/gilles-carrez.jpg,@GillesCarrez,False,False
972,jean-philippe.nilor@wanadoo.fr,Jean-Philippe Nilor,Député GDR,images/thumbs/jean-philippe-nilor.jpg,,True,False
59,christian.hutin@assemblee-nationale.fr,Christian Hutin,Député NG,images/thumbs/christian-hutin.jpg,@ChristianHutin,False,False
77,jean-francois.parigi@assemblee-nationale.fr,Jean-François Parigi,Député LR,images/thumbs/jean-francois-parigi.jpg,,False,False
76,hubert.wulfranc@assemblee-nationale.fr,Hubert Wulfranc,Député GDR,images/thumbs/hubert-wulfranc.jpg,,True,False
75,pyb18@hotmail.fr,Pierre-Yves Bournazel,Député UAI,images/thumbs/pierre-yves-bournazel.jpg,@pybournazel,True,False
13,gteissier@mairie-marseille.fr,Guy Teissier,Député LR,images/thumbs/guy-teissier.jpg,@guyteissier,False,False
93,stephane.peu@ville-saint-denis.fr,Stéphane Peu,Député GDR,images/thumbs/stephane-peu.jpg,@stephane1peu,False,False
75,sylvain.maillard@assemblee-nationale.fr,Sylvain Maillard,Député LREM,images/thumbs/sylvain-maillard.jpg,@sylvainmaillard,False,False
14,bertrand.bouyx@assemblee-nationale.fr,Bertrand Bouyx,Député LREM,images/thumbs/bertrand-bouyx.jpg,@BertrandBouyx,False,False
972,brunonestor.azerot@assemblee-nationale.fr,Bruno Nestor Azerot,Député GDR,images/thumbs/bruno-nestor-azerot.jpg,@BNAzerot,False,False
18,nadia.essayan@assemblee-nationale.fr,Nadia Essayan,Députée MODEM,images/thumbs/nadia-essayan.jpg,@nadiaessayan,True,False
974,nadia.ramassamy@assemblee-nationale.fr,Nadia Ramassamy,Députée LR,images/thumbs/nadia-ramassamy.jpg,,False,False
18,loic.kervran@assemblee-nationale.fr,Loïc Kervran,Député LREM,images/thumbs/loic-kervran.jpg,@LoicKervran18,False,False
77,valerie.lacroute@assemblee-nationale.fr,Valérie Lacroute,Députée LR,images/thumbs/valerie-lacroute.jpg,@VLacroute,False,False
78,nadia.hai@assemblee-nationale.fr,Nadia Hai,Députée LREM,images/thumbs/nadia-hai.jpg,@NadiaHai78,True,False
91,laetitia.romeirodias@assemblee-nationale.fr,Laëtitia Romeiro Dias,Députée LREM,images/thumbs/laetitia-romeiro-dias.jpg,@Romeiro1L,False,False
67,bruno.studer@assemblee-nationale.fr,Bruno Studer,Député LREM,images/thumbs/bruno-studer.jpg,@brunostuder67,False,False
87,sophie.beaudouin-hubiere@assemblee-nationale.fr,Sophie Beaudouin-Hubiere,Députée LREM,images/thumbs/sophie-beaudouin-hubiere.jpg,@BeaudouinSo,True,False
75,brigitte.kuster@assemblee-nationale.fr,Brigitte Kuster,Députée LR,images/thumbs/brigitte-kuster.jpg,@Brigitte_Kuster,False,False
54,thibault.bazin@assemblee-nationale.fr,Thibault Bazin,Député LR,images/thumbs/thibault-bazin.jpg,@thibault_bazin,False,False
57,fabien.difilippo@assemblee-nationale.fr,Fabien Di Filippo,Député LR,images/thumbs/fabien-di-filippo.jpg,,False,False
30,gilbert.collard@assemblee-nationale.fr,Gilbert Collard,Député NI,images/thumbs/gilbert-collard.jpg,@GilbertCollard,False,False
68,raphael.schellenberger@assemblee-nationale.fr,Raphaël Schellenberger,Député LR,images/thumbs/raphael-schellenberger.jpg,@rscactu,True,False
70,christophe.lejeune@assemblee-nationale.fr,Christophe Lejeune,Député LREM,images/thumbs/christophe-lejeune.jpg,,True,False
77,michelepeyronenmarche77@gmail.com,Michèle Peyron,Députée LREM,images/thumbs/michele-peyron.jpg,@MichelePeyron,False,False
987,moetai.brotherson@gmail.com,Moetai Brotherson,Député GDR,images/thumbs/moetai-brotherson.jpg,@Moetai1,False,False
13,cathy.racon-bouzon@assemblee-nationale.fr,Cathy Racon-Bouzon,Députée LREM,images/thumbs/cathy-racon-bouzon.jpg,@RaconCathy,False,False
92,gabriel.attal@assemblee-nationale.fr,Gabriel Attal,Député LREM,images/thumbs/gabriel-attal.jpg,@GabrielAttal,False,False
28,olivier.marleix@assemblee-nationale.fr,Olivier Marleix,Député LR,images/thumbs/olivier-marleix.jpg,@oliviermarleix,False,False
84,Marie-France.Lorho@assemblee-nationale.fr,Marie-France Lorho,Députée NI,images/thumbs/marie-france-lorho.jpg,@FranceLorho,False,False
64,josy.poueyto@assemblee-nationale.fr,Josy Poueyto,Députée MODEM,images/thumbs/josy-poueyto.jpg,@josypoueyto,False,False
75,pierre.person@en-marche.fr,Pierre Person,Député LREM,images/thumbs/pierre-person.jpg,@pierr_person,False,False
976,ramlati.ali@assemblee-nationale.fr,Ramlati Ali,Députée LREM,images/thumbs/ramlati-ali.jpg,,True,False
45,claude.deganay@assemblee-nationale.fr,Claude de Ganay,Député LR,images/thumbs/claude-de-ganay.jpg,@Cdganay,True,False
59,circo5911@gmail.com,Laurent Pietraszewski,Député LREM,images/thumbs/laurent-pietraszewski.jpg,@pietraszewski_l,False,False
91,marie.guevenoux@assemblee-nationale.fr,Marie Guévenoux,Députée LREM,images/thumbs/marie-guevenoux.jpg,@mguevenoux,False,False
971,o.serva@ose.gp,Olivier Serva,Député LREM,images/thumbs/olivier-serva.jpg,@olivier_serva,False,False
78,didier.baichere@assemblee-nationale.fr,Didier Baichère,Député LREM,images/thumbs/didier-baichere.jpg,@dbaichere,False,False
69,bruno.bonnell@assemblee-nationale.fr,Bruno Bonnell,Député LREM,images/thumbs/bruno-bonnell.jpg,@BrunoBonnellOff,False,False
13,alexandra.louis@assemblee-nationale.fr,Alexandra Louis,Députée LREM,images/thumbs/alexandra-louis.jpg,,False,False
92,christine.hennion@assemblee-nationale.fr,Christine Hennion,Députée LREM,images/thumbs/christine-hennion.jpg,@Ch_Hennion,False,False
07,herve.saulignac2017@gmail.com,Hervé Saulignac,Député NG,images/thumbs/herve-saulignac.jpg,@hsaulignac,False,False
91,nicolas.dupont-aignan@assemblee-nationale.fr,Nicolas Dupont-Aignan,Député NI,images/thumbs/nicolas-dupont-aignan.jpg,@dupontaignan,False,False
57,helene.zannier@assemblee-nationale.fr,Hélène Zannier,Députée LREM,images/thumbs/helene-zannier.jpg,@HeleneZannier,False,False
09,benedicte.taurine@assemblee-nationale.fr,Bénédicte Taurine,Députée LFI,images/thumbs/benedicte-taurine.jpg,@BenedictTaurine,True,False
975,stephane.claireaux@assemblee-nationale.fr,Stéphane Claireaux,Député LREM,images/thumbs/stephane-claireaux.jpg,@sclaireaux,True,False
93,clementineautain93@gmail.com,Clémentine Autain,Députée LFI,images/thumbs/clementine-autain.jpg,@Clem_Autain,False,False
16,thomas.mesnier@assemblee-nationale.fr,Thomas Mesnier,Député LREM,images/thumbs/thomas-mesnier.jpg,@MESNIERThomas,False,False
83,emilie.guerel@en-marche.fr,Émilie Guerel,Députée LREM,images/thumbs/emilie-guerel.jpg,@eguerelLREM,True,False
93,eric.coquerel@assemblee-nationale.fr,Éric Coquerel,Député LFI,images/thumbs/eric-coquerel.jpg,@ericcoquerel,False,False
68,contact@jacques-cattin.fr,Jacques Cattin,Député LR,images/thumbs/jacques-cattin.jpg,@JCattin2017,False,False
971,justine.benin@assemblee-nationale.fr,Justine Benin,Députée MODEM,images/thumbs/justine-benin.jpg,,False,False
78,beatrice.piron@assemblee-nationale.fr,Béatrice Piron,Députée LREM,images/thumbs/beatrice-piron.jpg,@beatricepiron,False,False
51,charles.de-courson@wanadoo.fr,Charles de Courson,Député UDI,images/thumbs/charles-de-courson.jpg,@C_deCourson,False,False
77,christian.jacob@assemblee-nationale.fr,Christian Jacob,Député LR,images/thumbs/christian-jacob.jpg,,False,False
90,ian.boucard@gmail.com,Ian Boucard,Député LR,images/thumbs/ian-boucard.jpg,@IanBoucard,True,False
84,jacques.bompard@assemblee-nationale.fr,Jacques Bompard,Député NI,images/thumbs/jacques-bompard.jpg,@JacquesBompard,False,False
77,stephanie.do@assemblee-nationale.fr,Stéphanie Do,Députée LREM,images/thumbs/stephanie-do.jpg,@DoStephanie_77,False,False
49,laetitia.saint-paul@assemblee-nationale.fr,Laetitia Saint-Paul,Députée LREM,images/thumbs/laetitia-saint-paul.jpg,,False,False
72,pascale.fontenel-personne@assemblee-nationale.fr,Pascale Fontenel-Personne,Députée LREM,images/thumbs/pascale-fontenel-personne.jpg,@f_personne,False,False
64,jean.lassalle@assemblee-nationale.fr,Jean Lassalle,Député NI,images/thumbs/jean-lassalle.jpg,@jeanlassalle,False,False
94,michel.herbillon@assemblee-nationale.fr,Michel Herbillon,Député LR,images/thumbs/michel-herbillon.jpg,,False,False
88,contact@naegelen.fr,Christophe Naegelen,Député UAI,images/thumbs/christophe-naegelen.jpg,@c_naegelen,False,False
61,velouwagie@gmail.com,Véronique Louwagie,Députée LR,images/thumbs/veronique-louwagie.jpg,@VeroLouwagie,True,False
49,jctaugourdeau.depute@wanadoo.fr,Jean-Charles Taugourdeau,Député LR,images/thumbs/jean-charles-taugourdeau.jpg,@jctaugourdeau,False,False
93,patrice.anato@assemblee-nationale.fr,Patrice Anato,Député LREM,images/thumbs/patrice-anato.jpg,@patrice_anato,False,False
13,anne-laurence.petel@assemblee-nationale.fr,Anne-Laurence Petel,Députée LREM,images/thumbs/anne-laurence-petel.jpg,@al_petel,False,False
94,albane.gaillot@assemblee-nationale.fr,Albane Gaillot,Députée LREM,images/thumbs/albane-gaillot.jpg,@AlbaneGaillot,False,False
59,sebastien.huyghe@assemblee-nationale.fr,Sébastien Huyghe,Député LR,images/thumbs/sebastien-huyghe.jpg,@SebastienHuyghe,False,False
34,muriel.ressiguier@assemblee-nationale.fr,Muriel Ressiguier,Députée LFI,images/thumbs/muriel-ressiguier.jpg,@mressiguier,False,False
19,permanence@christophejerretie.fr,Christophe Jerretie,Député LREM,images/thumbs/christophe-jerretie.jpg,@cjerretie,False,False
76,annie.vidal@assemblee-nationale.fr,Annie Vidal,Députée LREM,images/thumbs/annie-vidal.jpg,@Vidal7602,False,False
21,fadila.khattabi@assemblee-nationale.fr,Fadila Khattabi,Députée LREM,images/thumbs/fadila-khattabi.jpg,@KhattabiF,False,False
49,nicole.dubre-chirat@assemblee-nationale.fr,Nicole Dubré-Chirat,Députée LREM,images/thumbs/nicole-dubre-chirat.jpg,@NicoleDubre17,False,False
29,liliana.tanguy@assemblee-nationale.fr,Liliana Tanguy,Députée LREM,images/thumbs/liliana-tanguy.jpg,@LilianeTanguyAN,True,False
59,beatrice.descamps@assemblee-nationale.fr,Béatrice Descamps,Députée UAI,images/thumbs/beatrice-descamps.jpg,,False,False
94,jeanfrancois.mbaye@assemblee-nationale.fr,Jean François Mbaye,Député LREM,images/thumbs/jean-francois-mbaye.jpg,@JFMBAYE,False,False
69,vercherepatrice@orange.fr,Patrice Verchère,Député LR,images/thumbs/patrice-verchere.jpg,@PatriceVerchere,False,False
59,dimitri.houbron@en-marche.fr,Dimitri Houbron,Député LREM,images/thumbs/dimitri-houbron.jpg,@DimitriHoub17,False,False
50,sonia.krimi@assemblee-nationale.fr,Sonia Krimi,Députée LREM,images/thumbs/sonia-krimi.jpg,@Sonia_Krimi,False,False
14,christophe.blanchet@assemblee-nationale.fr,Christophe Blanchet,Député LREM,images/thumbs/christophe-blanchet.jpg,@christoblanchet,False,False
80,emmanuel.maquet@assemblee-nationale.fr,Emmanuel Maquet,Député LR,images/thumbs/emmanuel-maquet.jpg,@emmanuel_maquet,False,False
75,claude.goasguen@assemblee-nationale.fr,Claude Goasguen,Député LR,images/thumbs/claude-goasguen.jpg,@ClaudeGoasguen,False,False
80,depute.demilly@wanadoo.fr,Stéphane Demilly,Député UDI,images/thumbs/stephane-demilly.jpg,,False,False
44,audrey.dufeuschubert@assemblee-nationale.fr,Audrey Dufeu Schubert,Députée LREM,images/thumbs/audrey-dufeu-schubert.jpg,@audreydufeu,False,False
75,mounir.mahjoubi@assemblee-nationale.fr,Mounir Mahjoubi,Député LREM,images/thumbs/mounir-mahjoubi.jpg,@mounir,False,False
988,philippe.gomes@assemblee-nationale.fr,Philippe Gomès,Député UDI,images/thumbs/philippe-gomes.jpg,@PhilippeGomesCE,False,False
45,stephanie.rist@en-marche.fr,Stéphanie Rist,Députée LREM,images/thumbs/stephanie-rist.jpg,@stephanie_rist,False,False
53,favennec.yannick@wanadoo.fr,Yannick Favennec Becot,Député UDI,images/thumbs/yannick-favennec-becot.jpg,@yfavennec,False,False
77,patricia.lemoine@assemblee-nationale.fr,Patricia Lemoine,Députée UDI,images/thumbs/.jpg,,False,False
27,claire.opetit@assemblee-nationale.fr,Claire O'Petit,Députée LREM,images/thumbs/claire-o-petit.jpg,,False,False
06,eric.pauget@assemblee-nationale.fr,Éric Pauget,Député LR,images/thumbs/eric-pauget.jpg,@EricPAUGET1,True,False
41,marc.fesneau@assemblee-nationale.fr,Marc Fesneau,Député MODEM,images/thumbs/marc-fesneau.jpg,@MFesneau,False,False
66,sebastien.cazenove@assemblee-nationale.fr,Sébastien Cazenove,Député LREM,images/thumbs/sebastien-cazenove.jpg,@SCazenove,True,False
26,emmanuelle.anthoine@assemblee-nationale.fr,Emmanuelle Anthoine,Députée LR,images/thumbs/emmanuelle-anthoine.jpg,@eanthoine26,True,False
77,jean-louis.thieriot@assemblee-nationale.fr,Jean-Louis Thiériot,Député LR,images/thumbs/.jpg,@JLTHIERIOT,False,False
972,josette.manin@assemblee-nationale.fr,Josette Manin,Députée NG,images/thumbs/josette-manin.jpg,,False,False
28,laure.delaraudiere@assemblee-nationale.fr,Laure de La Raudière,Députée UAI,images/thumbs/laure-de-la-raudiere.jpg,@lauredlr,False,False
25,annie.genevard@assemblee-nationale.fr,Annie Genevard,Députée LR,images/thumbs/annie-genevard.jpg,@AnnieGenevard,False,False
89,guillaume.larrive@assemblee-nationale.fr,Guillaume Larrivé,Député LR,images/thumbs/guillaume-larrive.jpg,@GLarrive,True,False
58,perrine.goulet@assemblee-nationale.fr,Perrine Goulet,Députée LREM,images/thumbs/perrine-goulet.jpg,@perrinegoulet,False,False
29,didier.legac@assemblee-nationale.fr,Didier Le Gac,Député LREM,images/thumbs/didier-le-gac.jpg,@didierlegac,False,False
976,mansour@mkamardine.fr,Mansour Kamardine,Député LR,images/thumbs/mansour-kamardine.jpg,,False,False
25,denis.sommer@assemblee-nationale.fr,Denis Sommer,Député LREM,images/thumbs/denis-sommer.jpg,@DenisSommer,False,False
23,jean-baptiste.moreau@assemblee-nationale.fr,Jean-Baptiste Moreau,Député LREM,images/thumbs/jean-baptiste-moreau.jpg,@moreaujb23,True,False
72,stephane.lefoll@assemblee-nationale.fr,Stéphane Le Foll,Député NG,images/thumbs/stephane-le-foll.jpg,@SLeFoll,False,False
56,jean-michel.jacques@assemblee-nationale.fr,Jean-Michel Jacques,Député LREM,images/thumbs/jean-michel-jacques.jpg,@J_M_Jacques,True,False
80,contact@picardiedebout.fr,François Ruffin,Député LFI,images/thumbs/francois-ruffin.jpg,@Francois_Ruffin,False,False
26,celia.delavergne@assemblee-nationale.fr,Célia de Lavergne,Députée LREM,images/thumbs/celia-de-lavergne.jpg,@CdLavergne,False,False
57,isabelle.rauch@assemblee-nationale.fr,Isabelle Rauch,Députée LREM,images/thumbs/isabelle-rauch.jpg,@isabelle_rauch,False,False
81,contact@philippe-folliot.fr,Philippe Folliot,Député LREM,images/thumbs/philippe-folliot.jpg,@philippefolliot,True,False
08,depute-cordier@orange.fr,Pierre Cordier,Député LR,images/thumbs/pierre-cordier.jpg,@CORDIERPierre08,True,False
92,adrien.taquet@assemblee-nationale.fr,Adrien Taquet,Député LREM,images/thumbs/adrien-taquet.jpg,@AdrienTaquet,False,False
68,jeanluc.reitzer@wanadoo.fr,Jean-Luc Reitzer,Député LR,images/thumbs/jean-luc-reitzer.jpg,@JL_Reitzer,False,False
55,emilie.cariou@assemblee-nationale.fr,Émilie Cariou,Députée LREM,images/thumbs/emilie-cariou.jpg,@EmilieCariou,True,False
34,philippe.huppe@assemblee-nationale.fr,Philippe Huppé,Député LREM,images/thumbs/philippe-huppe.jpg,@PhilippeHuppe,False,False
83,jean-louis.masson@assemblee-nationale.fr,Jean-Louis Masson,Député LR,images/thumbs/jean-louis-masson.jpg,,False,False
75,Elise.Fajgeles@assemblee-nationale.fr,Élise Fajgeles,Députée LREM,images/thumbs/elise-fajgeles.jpg,@EliseFajgeles,False,False
95,,Antoine Savignat,Député ,images/thumbs/.jpg,,False,False
13,permanence.pierredharreville@gmail.com,Pierre Dharréville,Député GDR,images/thumbs/pierre-dharreville.jpg,@pdharreville,False,False
10,gmenuel-permanenceparlementaire@orange.fr,Gérard Menuel,Député LR,images/thumbs/gerard-menuel.jpg,,True,False
78,yael.braun-pivet@assemblee-nationale.fr,Yaël Braun-Pivet,Députée LREM,images/thumbs/yael-braun-pivet.jpg,@YaelBRAUNPIVET,False,False
91,franck.marlin@assemblee-nationale.fr,Franck Marlin,Député LR,images/thumbs/franck-marlin.jpg,@franckmarlin,False,False
974,nathalie.bassire@assemblee-nationale.fr,Nathalie Bassire,Députée LR,images/thumbs/nathalie-bassire.jpg,@NathalieBassire,False,False
13,bernard.deflesselles@assemblee-nationale.fr,Bernard Deflesselles,Député LR,images/thumbs/bernard-deflesselles.jpg,@BDeflesselles,False,False
67,contact@patrick-hetzel.fr,Patrick Hetzel,Député LR,images/thumbs/patrick-hetzel.jpg,@patrickhetzel,False,False
92,jacques.maire@assemblee-nationale.fr,Jacques Maire,Député LREM,images/thumbs/jacques-maire.jpg,@JMaireofficiel,False,False
999,samantha.cazebonne@assemblee-nationale.fr,Samantha Cazebonne,Députée LREM,images/thumbs/samantha-cazebonne.jpg,@scazebonne,False,False
13,said.ahamada@assemblee-nationale.fr,Saïd Ahamada,Député LREM,images/thumbs/said-ahamada.jpg,@saidahamada,False,False
974,huguette.bello@assemblee-nationale.fr,Huguette Bello,Députée GDR,images/thumbs/huguette-bello.jpg,@HuguetteBello,False,False
92,thierry.solere@gmail.com,Thierry Solère,Député LREM,images/thumbs/thierry-solere.jpg,@solere92,False,False
974,jean-hugues.ratenon@assemblee-nationale.fr,Jean-Hugues Ratenon,Député LFI,images/thumbs/jean-hugues-ratenon.jpg,@DeputeRatenon,False,False
59,christophe.dipompeo@assemblee-nationale.fr,Christophe Di Pompeo,Député LREM,images/thumbs/christophe-di-pompeo.jpg,@DipompeoChrist,False,False
37,daniel.labaronne@assemblee-nationale.fr,Daniel Labaronne,Député LREM,images/thumbs/daniel-labaronne.jpg,@LabaronneDaniel,True,False
76,xavier.batut@assemblee-nationale.fr,Xavier Batut,Député LREM,images/thumbs/xavier-batut.jpg,@XavierBatut,False,False
972,,Manuéla Kéclard-Mondésir,Députée GDR,images/thumbs/manuela-keclard-mondesir.jpg,,False,False
48,pierremorellozere@gmail.com,Pierre Morel-À-L'Huissier,Député UAI,images/thumbs/pierre-morel-a-l-huissier.jpg,@MORELPIERRE,True,False
62,brigitte.bourguignon@orange.fr,Brigitte Bourguignon,Députée LREM,images/thumbs/brigitte-bourguignon.jpg,@BrigBourguignon,False,False
60,maire@ville-chantilly.fr,Éric Woerth,Député LR,images/thumbs/eric-woerth.jpg,@ericwoerth,False,False
22,marc.lefur@assemblee-nationale.fr,Marc Le Fur,Député LR,images/thumbs/marc-le-fur.jpg,@marclefur,False,False
68,eric.straumann@assemblee-nationale.fr,Éric Straumann,Député LR,images/thumbs/eric-straumann.jpg,@ericstraumann,False,False
81,jean.terlier@assemblee-nationale.fr,Jean Terlier,Député LREM,images/thumbs/jean-terlier.jpg,@JeanTerlier,False,False
971,helene.vainqueur@assemblee-nationale.fr,Hélène Vainqueur-Christophe,Députée NG,images/thumbs/helene-vainqueur-christophe.jpg,@hvchristophe,False,False
89,a.villiers@wanadoo.fr,André Villiers,Député UAI,images/thumbs/andre-villiers.jpg,@AVilliers2017,False,False
34,jean-francois.eliaou@assemblee-nationale.fr,Jean-François Eliaou,Député LREM,images/thumbs/jean-francois-eliaou.jpg,@JFEliaou,False,False
76,jean-paul.lecoq@assemblee-nationale.fr,Jean-Paul Lecoq,Député GDR,images/thumbs/jean-paul-lecoq.jpg,,False,False
31,pierre.cabare@assemblee-nationale.fr,Pierre Cabaré,Député LREM,images/thumbs/pierre-cabare.jpg,@DeputeCabareP,False,False
77,jean-michel.fauvergue@assemblee-nationale.fr,Jean-Michel Fauvergue,Député LREM,images/thumbs/jean-michel-fauvergue.jpg,,False,False
40,lionel.causse@assemblee-nationale.fr,Lionel Causse,Député LREM,images/thumbs/lionel-causse.jpg,@DeputeCausse,False,False
60,maxime.minot@assemblee-nationale.fr,Maxime Minot,Député LR,images/thumbs/maxime-minot.jpg,@MaximeMinot,False,False
16,jerome.lambert@assemblee-nationale.fr,Jérôme Lambert,Député NG,images/thumbs/jerome-lambert.jpg,@jeromelambert16,False,False
67,laurent.furst@assemblee-nationale.fr,Laurent Furst,Député LR,images/thumbs/laurent-furst.jpg,,False,False
95,naima.moutchou@assemblee-nationale.fr,Naïma Moutchou,Députée LREM,images/thumbs/naima-moutchou.jpg,@NaimaMoutchou,False,False
95,dominique.dasilva@assemblee-nationale.fr,Dominique Da Silva,Député LREM,images/thumbs/dominique-da-silva.jpg,@DDasilva_LREM,False,False
62,pierre-henri.dumont@assemblee-nationale.fr,Pierre-Henri Dumont,Député LR,images/thumbs/pierre-henri-dumont.jpg,@phdumont,False,False
70,barbara.bessotballot@assemblee-nationale.fr,Barbara Bessot Ballot,Députée LREM,images/thumbs/barbara-bessot-ballot.jpg,@B_BessotBallot,False,False
42,depute@dinocinieri.fr,Dino Cinieri,Député LR,images/thumbs/dino-cinieri.jpg,@DinoCinieri,True,False
41,guillaume.peltier@assemblee-nationale.fr,Guillaume Peltier,Député LR,images/thumbs/guillaume-peltier.jpg,@G_Peltier,False,False
38,cendra.motin@assemblee-nationale.fr,Cendra Motin,Députée LREM,images/thumbs/cendra-motin.jpg,,False,False
01,stephane.trompille@assemblee-nationale.fr,Stéphane Trompille,Député LREM,images/thumbs/stephane-trompille.jpg,@S_Trompille,False,False
95,antoine.savignat@assemblee-nationale.fr,Antoine Savignat,Député LR,images/thumbs/antoine-savignat.jpg,,False,False
75,stanislas.guerini@en-marche.fr,Stanislas Guerini,Député LREM,images/thumbs/stanislas-guerini.jpg,@StanGuerini,False,False
94,frederic.descrozaille@assemblee-nationale.fr,Frédéric Descrozaille,Député LREM,images/thumbs/frederic-descrozaille.jpg,@fdescrozaille,False,False
47,olivier.damaisin@assemblee-nationale.fr,Olivier Damaisin,Député LREM,images/thumbs/olivier-damaisin.jpg,@olivierdam1,False,False
91,amelie.demontchalin@assemblee-nationale.fr,Amélie de Montchalin,Députée LREM,images/thumbs/amelie-de-montchalin.jpg,@ademontchalin,False,False
986,,Sylvain Brial,Député NI,images/thumbs/sylvain-brial.jpg,,False,False
10,valerie.bazin-malgras@assemblee-nationale.fr,Valérie Bazin-Malgras,Députée LR,images/thumbs/valerie-bazin-malgras.jpg,@vbazinmalgras,False,False
78,aurore.berge@assemblee-nationale.fr,Aurore Bergé,Députée LREM,images/thumbs/aurore-berge.jpg,@auroreberge,False,False
17,jean-philippe.ardouin@assemblee-nationale.fr,Jean-Philippe Ardouin,Député LREM,images/thumbs/jean-philippe-ardouin.jpg,,True,False
61,jerome.nury@assemblee-nationale.fr,Jérôme Nury,Député LR,images/thumbs/jerome-nury.jpg,@jeromenury,False,False
03,jean-paul.dufregne@assemblee-nationale.fr,Jean-Paul Dufrègne,Député GDR,images/thumbs/jean-paul-dufregne.jpg,@JP_Dufregne,False,False
07,permanence@olivierdussopt.fr,Olivier Dussopt,Député NG,images/thumbs/olivier-dussopt.jpg,@olivierdussopt,False,False
83,permanence.levy@orange.fr,Geneviève Levy,Députée LR,images/thumbs/genevieve-levy.jpg,@genevievelevy83,False,False
93,sabine.rubin@assemblee-nationale.fr,Sabine Rubin,Députée LFI,images/thumbs/sabine-rubin.jpg,@SabineRubinFI93,False,False
34,christophe.euzet@assemblee-nationale.fr,Christophe Euzet,Député LREM,images/thumbs/christophe-euzet.jpg,@ChristopheEuzet,False,False
87,marie-ange.magne@en-marche.fr,Marie-Ange Magne,Députée LREM,images/thumbs/marie-ange-magne.jpg,@MarieAngeMagne,False,False
62,bruno.bilde@assemblee-nationale.fr,Bruno Bilde,Député NI,images/thumbs/bruno-bilde.jpg,@BrunoBilde,False,False
28,guillaume.kasbarian@en-marche.fr,Guillaume Kasbarian,Député LREM,images/thumbs/guillaume-kasbarian.jpg,@guillaumekasba,False,False
71,raphael.gauvain@assemblee-nationale.fr,Raphaël Gauvain,Député LREM,images/thumbs/raphael-gauvain.jpg,@Gauvain_Raphael,True,False
40,genevieve.darrieussecq@assemblee-nationale.fr,Geneviève Darrieussecq,Députée MODEM,images/thumbs/genevieve-darrieussecq.jpg,@gdarrieussecq,False,False
76,sebastien.jumel@assemblee-nationale.fr,Sébastien Jumel,Député GDR,images/thumbs/sebastien-jumel.jpg,@sebastienjumel,False,False
39,jean-marie.sermier@assemblee-nationale.fr,Jean-Marie Sermier,Député LR,images/thumbs/jean-marie-sermier.jpg,@jmsermier,True,False
17,contact@didierquentin.com,Didier Quentin,Député LR,images/thumbs/didier-quentin.jpg,@didierquentin,False,False
67,sylvain.waserman@assemblee-nationale.fr,Sylvain Waserman,Député MODEM,images/thumbs/sylvain-waserman.jpg,@SylvainWaserman,False,False
50,philippe.gosselin@assemblee-nationale.fr,Philippe Gosselin,Député LR,images/thumbs/philippe-gosselin.jpg,@phgosselin,False,False
71,josiane.corneloup@assemblee-nationale.fr,Josiane Corneloup,Députée LR,images/thumbs/josiane-corneloup.jpg,,False,False
32,jean-rene.cazeneuve@assemblee-nationale.fr,Jean-René Cazeneuve,Député LREM,images/thumbs/jean-rene-cazeneuve.jpg,@jrcazeneuve,False,False
34,emmanuelle.menard@assemblee-nationale.fr,Emmanuelle Ménard,Députée NI,images/thumbs/emmanuelle-menard.jpg,@emenard34,False,False
15,vincent.descoeur@assemblee-nationale.fr,Vincent Descoeur,Député LR,images/thumbs/vincent-descoeur.jpg,@VincentDescoeur,True,False
09,michel.larive@assemblee-nationale.fr,Michel Larive,Député LFI,images/thumbs/michel-larive.jpg,@Michel_Larive,False,False
69,daniele.cazarian@assemblee-nationale.fr,Danièle Cazarian,Députée LREM,images/thumbs/daniele-cazarian.jpg,,False,False
60,olivier.dassault@assemblee-nationale.fr,Olivier Dassault,Député LR,images/thumbs/olivier-dassault.jpg,@ODassault,False,False
78,florence.granjus@assemblee-nationale.fr,Florence Granjus,Députée LREM,images/thumbs/florence-granjus.jpg,@fgranjus,False,False
88,jean-jacques.gaultier@assemblee-nationale.fr,Jean-Jacques Gaultier,Député LR,images/thumbs/jean-jacques-gaultier.jpg,@JJ_Gaultier,False,False
986,napole.polutele@assemblee-nationale.fr,Napole Polutele,Député UAI,images/thumbs/napole-polutele.jpg,,True,False
14,sebastien.leclerc@assemblee-nationale.fr,Sébastien Leclerc,Député LR,images/thumbs/sebastien-leclerc.jpg,@SebLeclerc14,False,False
76,damien.adam@assemblee-nationale.fr,Damien Adam,Député LREM,images/thumbs/damien-adam.jpg,@damienadam76,False,False
06,michele.tabarot@assemblee-nationale.fr,Michèle Tabarot,Députée LR,images/thumbs/michele-tabarot.jpg,@MTabarot,False,False
59,sebastien.chenu@assemblee-nationale.fr,Sébastien Chenu,Député NI,images/thumbs/sebastien-chenu.jpg,@sebchenu,False,False
78,marie.lebec@en-marche.fr,Marie Lebec,Députée LREM,images/thumbs/marie-lebec.jpg,@marielebec78,False,False
45,jean-pierre.door@assemblee-nationale.fr,Jean-Pierre Door,Député LR,images/thumbs/jean-pierre-door.jpg,@doorjean,False,False
51,aina.kuric@assemblee-nationale.fr,Aina Kuric,Députée LREM,images/thumbs/aina-kuric.jpg,@ainakuric,False,False
46,aurelien.pradie@assemblee-nationale.fr,Aurélien Pradié,Député LR,images/thumbs/aurelien-pradie.jpg,@AurelienPradie,True,False
86,sacha.houlie@assemblee-nationale.fr,Sacha Houlié,Député LREM,images/thumbs/sacha-houlie.jpg,@Sach_He,True,False
93,bastien.lachaud@assemblee-nationale.fr,Bastien Lachaud,Député LFI,images/thumbs/bastien-lachaud.jpg,@lachaudb,False,False
62,daniel.fasquelle@assemblee-nationale.fr,Daniel Fasquelle,Député LR,images/thumbs/daniel-fasquelle.jpg,@DFasquelle,False,False
50,stephane.travert@assemblee-nationale.fr,Stéphane Travert,Député LREM,images/thumbs/stephane-travert.jpg,@StTRAVERT,False,False
18,francois.cormier-bouligeon@assemblee-nationale.fr,François Cormier-Bouligeon,Député LREM,images/thumbs/francois-cormier-bouligeon.jpg,,False,False
73,vincent-rolland@wanadoo.fr,Vincent Rolland,Député LR,images/thumbs/vincent-rolland.jpg,@VRolland73,True,False
93,marie-george.buffet@wanadoo.fr,Marie-George Buffet,Députée GDR,images/thumbs/marie-george-buffet.jpg,,False,False
27,bruno.lemaire@assemblee-nationale.fr,Bruno Le Maire,Député LREM,images/thumbs/bruno-le-maire.jpg,@BrunoLeMaire,False,False
35,florian.bachelier@assemblee-nationale.fr,Florian Bachelier,Député LREM,images/thumbs/florian-bachelier.jpg,@F_BACHELIER,True,False
85,patricia.gallerneau@assemblee-nationale.fr,Patricia Gallerneau,Députée MODEM,images/thumbs/patricia-gallerneau.jpg,@PGallerneau,False,False
08,berengerepoletti08@wanadoo.fr,Bérengère Poletti,Députée LR,images/thumbs/berengere-poletti.jpg,@poletti_b,False,False
54,carole.grandjean@en-marche.fr,Carole Grandjean,Députée LREM,images/thumbs/carole-grandjean.jpg,@caroleem54,False,False
73,emilie.bonnivard@assemblee-nationale.fr,Émilie Bonnivard,Députée LR,images/thumbs/emilie-bonnivard.jpg,@BonnivardE,False,False
75,benjamin.griveaux@assemblee-nationale.fr,Benjamin Griveaux,Député LREM,images/thumbs/benjamin-griveaux.jpg,@BGriveaux,False,False
06,eric.ciotti@assemblee-nationale.fr,Éric Ciotti,Député LR,images/thumbs/eric-ciotti.jpg,@ECiotti,False,False
59,adrien.quatennens@assemblee-nationale.fr,Adrien Quatennens,Député LFI,images/thumbs/adrien-quatennens.jpg,@AQuatennens,False,False
62,jose.evrard@assemblee-nationale.fr,José Evrard,Député NI,images/thumbs/jose-evrard.jpg,,False,False
39,marie-christine.dalloz@assemblee-nationale.fr,Marie-Christine Dalloz,Députée LR,images/thumbs/marie-christine-dalloz.jpg,,False,False
973,gabriel.serville@assemblee-nationale.fr,Gabriel Serville,Député GDR,images/thumbs/gabriel-serville.jpg,@GabrielServille,True,False
75,laetitia.avia@assemblee-nationale.fr,Laetitia Avia,Députée LREM,images/thumbs/laetitia-avia.jpg,@LaetitiaAvia,False,False
66,louis.aliot@assemblee-nationale.fr,Louis Aliot,Député NI,images/thumbs/louis-aliot.jpg,@louis_aliot,False,False
71,benjamin.dirx@assemblee-nationale.fr,Benjamin Dirx,Député LREM,images/thumbs/benjamin-dirx.jpg,@BenjaminDirx,False,False
08,jean-luc.warsmann@assemblee-nationale.fr,Jean-Luc Warsmann,Député UAI,images/thumbs/jean-luc-warsmann.jpg,@warsmann,False,False
62,ludovic.pajot@assemblee-nationale.fr,Ludovic Pajot,Député NI,images/thumbs/ludovic-pajot.jpg,@ludovicpajot,False,False
35,mustapha.laabid@assemblee-nationale.fr,Mustapha Laabid,Député LREM,images/thumbs/mustapha-laabid.jpg,@mustapha_laabid,False,False
45,marianne.dubois@assemblee-nationale.fr,Marianne Dubois,Députée LR,images/thumbs/marianne-dubois.jpg,@DuboisMarianne,False,False
62,marine.lepen@assemblee-nationale.fr,Marine Le Pen,Députée NI,images/thumbs/marine-le-pen.jpg,@MLP_officiel,False,False
34,nicolas.demoulin@assemblee-nationale.fr,Nicolas Démoulin,Député LREM,images/thumbs/nicolas-demoulin.jpg,@demoulinem,False,False
74,depute@virginiedubymuller.fr,Virginie Duby-Muller,Députée LR,images/thumbs/virginie-duby-muller.jpg,@DubyMuller,True,False
59,charlotte.lecocq@assemblee-nationale.fr,Charlotte Lecocq,Députée LREM,images/thumbs/charlotte-lecocq.jpg,@lecocqcharlotte,False,False
59,contact@ugobernalicis.fr,Ugo Bernalicis,Député LFI,images/thumbs/ugo-bernalicis.jpg,@ugobernalicis,False,False
93,alexis.corbiere@assemblee-nationale.fr,Alexis Corbière,Député LFI,images/thumbs/alexis-corbiere.jpg,@alexiscorbiere,False,False
35,gilles.lurton@assemblee-nationale.fr,Gilles Lurton,Député LR,images/thumbs/gilles-lurton.jpg,@gilleslurton,False,False
999,roland.lescure@assemblee-nationale.fr,Roland Lescure,Député LREM,images/thumbs/roland-lescure.jpg,@rolandlescure,False,False
83,sereine.mauborgne@assemblee-nationale.fr,Sereine Mauborgne,Députée LREM,images/thumbs/sereine-mauborgne.jpg,@sereineenmarche,False,False
94,luc.carvounas@mairie-alfortville.fr,Luc Carvounas,Député NG,images/thumbs/luc-carvounas.jpg,@luccarvounas,False,False
43,jean-pierre.vigier@assemblee-nationale.fr,Jean-Pierre Vigier,Député LR,images/thumbs/jean-pierre-vigier.jpg,@j_pVigier,False,False
44,valerie.oppelt@assemblee-nationale.fr,Valérie Oppelt,Députée LREM,images/thumbs/valerie-oppelt.jpg,@valerie_oppelt,False,False
973,lenaick.adam@assemblee-nationale.fr,Lénaïck Adam,Député LREM,images/thumbs/lenaick-adam.jpg,@LenaickADAM,False,False
975,agirardin@assemblee-nationale.fr,Annick Girardin,Députée LREM,images/thumbs/annick-girardin.jpg,@AnnickGirardin,False,False
10,gregory.besson-moreau@assemblee-nationale.fr,Grégory Besson-Moreau,Député LREM,images/thumbs/gregory-besson-moreau.jpg,@GBessonMoreau,False,False
66,romain.grau@assemblee-nationale.fr,Romain Grau,Député LREM,images/thumbs/romain-grau.jpg,@RomainGrau,False,False
75,buon.tan@assemblee-nationale.fr,Buon Tan,Député LREM,images/thumbs/buon-tan.jpg,@BuonTAN,False,False
44,sophie.errante@assemblee-nationale.fr,Sophie Errante,Députée LREM,images/thumbs/sophie-errante.jpg,@SophieErrante,False,False
64,dhabib.jurancon@orange.fr,David Habib,Député NG,images/thumbs/david-habib.jpg,@DavidDhabib,False,False
33,sophie.mette@assemblee-nationale.fr,Sophie Mette,Députée MODEM,images/thumbs/sophie-mette.jpg,@SophieMette1,False,False
86,jacques.savatier@assemblee-nationale.fr,Jacques Savatier,Député LREM,images/thumbs/jacques-savatier.jpg,@JacquesSavatier,False,False
75,gilles.le.gendre@assemblee-nationale.fr,Gilles Le Gendre,Député LREM,images/thumbs/gilles-le-gendre.jpg,@GillesLeGendre,False,False
59,enmarche@brigitteliso.fr,Brigitte Liso,Députée LREM,images/thumbs/brigitte-liso.jpg,@brigitte_liso,False,False
94,mathilde.panot@assemblee-nationale.fr,Mathilde Panot,Députée LFI,images/thumbs/mathilde-panot.jpg,@mathildepanot,False,False
59,fabien.roussel@assemblee-nationale.fr,Fabien Roussel,Député GDR,images/thumbs/fabien-roussel.jpg,@Fabien_Rssl,False,False
95,francois.pupponi@assemblee-nationale.fr,François Pupponi,Député NG,images/thumbs/francois-pupponi.jpg,@fpupponi,False,False
75,marielle.desarnez@assemblee-nationale.fr,Marielle de Sarnez,Députée MODEM,images/thumbs/marielle-de-sarnez.jpg,@desarnez,False,False
88,gerard.cherpion@assemblee-nationale.fr,Gérard Cherpion,Député LR,images/thumbs/gerard-cherpion.jpg,@GerardCherpion,False,False
71,cecile.untermaier@assemblee-nationale.fr,Cécile Untermaier,Députée NG,images/thumbs/cecile-untermaier.jpg,@ceciluntermaier,False,False
26,,Mireille Clapot,Députée LREM,images/thumbs/mireille-clapot.jpg,,False,False
69,jl.touraine@laposte.net,Jean-Louis Touraine,Député LREM,images/thumbs/jean-louis-touraine.jpg,,False,False
82,,Sylvia Pinel,Députée NI,images/thumbs/sylvia-pinel.jpg,,False,False
66,,Laurence Gayte,Députée LREM,images/thumbs/laurence-gayte.jpg,,False,False
61,,Joaquim Pueyo,Député NG,images/thumbs/joaquim-pueyo.jpg,,False,False
84,,Jean-François Cesarini,Député LREM,images/thumbs/jean-francois-cesarini.jpg,,False,False
35,,Thierry Benoit,Député UDI,images/thumbs/thierry-benoit.jpg,,False,False
42,,Julien Borowczyk,Député LREM,images/thumbs/julien-borowczyk.jpg,,False,False
54,,Laurent Garcia,Député MODEM,images/thumbs/laurent-garcia.jpg,,False,False
33,,Éric Poulliat,Député LREM,images/thumbs/eric-poulliat.jpg,,False,False
76,,Stéphanie Kerbarh,Députée LREM,images/thumbs/stephanie-kerbarh.jpg,,False,False
17,,Olivier Falorni,Député NI,images/thumbs/olivier-falorni.jpg,,False,False
29,infos@richardferrand.fr,Richard Ferrand,Député LREM,images/thumbs/richard-ferrand.jpg,@RichardFerrand,False,False
92,,Jacques Marilossian,Député LREM,images/thumbs/jacques-marilossian.jpg,,False,False
59,,Valérie Petit,Députée LREM,images/thumbs/valerie-petit.jpg,,False,False
75,,George Pau-Langevin,Députée NG,images/thumbs/george-pau-langevin.jpg,,False,False
67,,Vincent Thiébaut,Député LREM,images/thumbs/vincent-thiebaut.jpg,,False,False
76,,Agnès Firmin Le Bodo,Députée UAI,images/thumbs/agnes-firmin-le-bodo.jpg,,False,False
72,,Damien Pichereau,Député LREM,images/thumbs/damien-pichereau.jpg,,False,False
13,,Jean-Marc Zulesi,Député LREM,images/thumbs/jean-marc-zulesi.jpg,,False,False
68,,Bruno Fuchs,Député MODEM,images/thumbs/bruno-fuchs.jpg,,False,False
89,,Michèle Crouzet,Députée LREM,images/thumbs/michele-crouzet.jpg,,False,False
30,,Olivier Gaillard,Député LREM,images/thumbs/olivier-gaillard.jpg,,False,False
94,jean-jacques.bridey@assemblee-nationale.fr,Jean-Jacques Bridey,Député LREM,images/thumbs/jean-jacques-bridey.jpg,@jjbridey94260,False,False
55,,Bertrand Pancher,Député UDI,images/thumbs/bertrand-pancher.jpg,,False,False
25,,Éric Alauzet,Député LREM,images/thumbs/eric-alauzet.jpg,,False,False
77,,Olivier Faure,Député NG,images/thumbs/olivier-faure.jpg,,False,False
93,,Stéphane Testé,Député LREM,images/thumbs/stephane-teste.jpg,,False,False
29,,Erwan Balanant,Député MODEM,images/thumbs/erwan-balanant.jpg,,False,False
11,,Alain Perea,Député LREM,images/thumbs/alain-perea.jpg,,False,False
68,,Olivier Becht,Député UAI,images/thumbs/olivier-becht.jpg,,False,False
44,,Mounir Belhamiti,Député LREM,images/thumbs/.jpg,,False,False
80,,Barbara Pompili,Députée LREM,images/thumbs/barbara-pompili.jpg,,False,False
56,,Gwendal Rouillard,Député LREM,images/thumbs/gwendal-rouillard.jpg,,False,False
59,catherine.osson@assemblee-nationale.fr,Catherine Osson,Députée LREM,images/thumbs/catherine-osson.jpg,@Ossoncatherine,False,False
37,,Sabine Thillaye,Députée LREM,images/thumbs/sabine-thillaye.jpg,,False,False
33,,Dominique David,Députée LREM,images/thumbs/dominique-david.jpg,,False,False
38,,Monique Limon,Députée LREM,images/thumbs/monique-limon.jpg,,False,False
59,,Guy Bricout,Député UAI,images/thumbs/guy-bricout.jpg,,False,False
13,,François-Michel Lambert,Député LREM,images/thumbs/francois-michel-lambert.jpg,,False,False
57,,Christophe Arend,Député LREM,images/thumbs/christophe-arend.jpg,,False,False
06,,Loïc Dombreval,Député LREM,images/thumbs/loic-dombreval.jpg,,False,False
14,,Laurence Dumont,Députée NG,images/thumbs/laurence-dumont.jpg,,False,False
92,,Frédérique Dumas,Députée LREM,images/thumbs/frederique-dumas.jpg,,False,False
62,,Bruno Duvergé,Député MODEM,images/thumbs/bruno-duverge.jpg,,False,False
75,anne-christine.lang@paris.fr,Anne-Christine Lang,Députée LREM,images/thumbs/anne-christine-lang.jpg,@AChristine_Lang,False,False
30,,Annie Chapelier,Députée LREM,images/thumbs/annie-chapelier.jpg,,False,False
03,,Laurence Vanceunebrock-Mialon,Députée LREM,images/thumbs/laurence-vanceunebrock-mialon.jpg,,False,False
81,,Marie-Christine Verdier-Jouclas,Députée LREM,images/thumbs/marie-christine-verdier-jouclas.jpg,,False,False
06,,Bernard Brochand,Député LR,images/thumbs/bernard-brochand.jpg,,False,False
999,,Pieyre-Alexandre Anglade,Député LREM,images/thumbs/pieyre-alexandre-anglade.jpg,,False,False
22,,Yannick Kerlogot,Député LREM,images/thumbs/yannick-kerlogot.jpg,,False,False
91,,Marie-Pierre Rixain,Députée LREM,images/thumbs/marie-pierre-rixain.jpg,,False,False
33,,Alain David,Député NG,images/thumbs/alain-david.jpg,,False,False
62,,Marguerite Deprez-Audebert,Députée MODEM,images/thumbs/marguerite-deprez-audebert.jpg,,False,False
54,,Dominique Potier,Député NG,images/thumbs/dominique-potier.jpg,,False,False
999,alexandre.holroyd@assemblee-nationale.fr,Alexandre Holroyd,Député LREM,images/thumbs/alexandre-holroyd.jpg,@alexIholroyd,False,False
06,,Alexandra Valetta Ardisson,Députée LREM,images/thumbs/alexandra-valetta-ardisson.jpg,,False,False
07,,Michèle Victory,Députée NG,images/thumbs/michele-victory.jpg,,False,False
49,,Matthieu Orphelin,Député LREM,images/thumbs/matthieu-orphelin.jpg,,False,True
38,,Marie-Noëlle Battistel,Députée NG,images/thumbs/marie-noelle-battistel.jpg,,False,False
22,,Bruno Joncour,Député MODEM,images/thumbs/bruno-joncour.jpg,,False,False
29,,Sandrine Le Feur,Députée LREM,images/thumbs/sandrine-le-feur.jpg,,False,False
42,,Régis Juanico,Député NG,images/thumbs/regis-juanico.jpg,,False,False
29,,Jean-Charles Larsonneur,Député LREM,images/thumbs/jean-charles-larsonneur.jpg,,False,False
67,,Frédéric Reiss,Député LR,images/thumbs/frederic-reiss.jpg,,False,False
93,,Jean-Christophe Lagarde,Député UDI,images/thumbs/jean-christophe-lagarde.jpg,,False,False
26,alice.thourot@assemblee-nationale.fr,Alice Thourot,Députée LREM,images/thumbs/alice-thourot.jpg,@AliceThourot,False,False
44,,Sandrine Josso,Députée LREM,images/thumbs/sandrine-josso.jpg,,False,False
37,,Fabienne Colboc,Députée LREM,images/thumbs/fabienne-colboc.jpg,,False,False
42,,Nathalie Sarles,Députée LREM,images/thumbs/nathalie-sarles.jpg,,False,False
35,,Gaël Le Bohec,Député LREM,images/thumbs/gael-le-bohec.jpg,,False,False
33,,Benoit Simian,Député LREM,images/thumbs/benoit-simian.jpg,,False,False
65,,Jean-Bernard Sempastous,Député LREM,images/thumbs/jean-bernard-sempastous.jpg,,False,False
33,,Véronique Hammerer,Députée LREM,images/thumbs/veronique-hammerer.jpg,,False,False
79,,Jean-Marie Fiévet,Député LREM,images/thumbs/jean-marie-fievet.jpg,,False,False
67,,Thierry Michels,Député LREM,images/thumbs/thierry-michels.jpg,,False,False
37,,Sophie Auconie,Députée UDI,images/thumbs/sophie-auconie.jpg,,False,False
83,valerie.gomez-bassac@assemblee-nationale.fr,Valérie Gomez-Bassac,Députée LREM,images/thumbs/valerie-gomez-bassac.jpg,@VGB83,False,False
974,ericka.bareigts@assemblee-nationale.fr,Ericka Bareigts,Députée NG,images/thumbs/ericka-bareigts.jpg,@ebareigts,False,False
987,,Maina Sage,Députée UAI,images/thumbs/maina-sage.jpg,,False,False
42,,Jean-Michel Mis,Député LREM,images/thumbs/jean-michel-mis.jpg,,False,False
17,,Frédérique Tuffnell,Députée LREM,images/thumbs/frederique-tuffnell.jpg,,False,False
44,,Anne-France Brunet,Députée LREM,images/thumbs/anne-france-brunet.jpg,,False,False
29,,Graziella Melchior,Députée LREM,images/thumbs/graziella-melchior.jpg,,False,False
85,,Stéphane Buchou,Député LREM,images/thumbs/stephane-buchou.jpg,,False,False
74,,Martial Saddier,Député LR,images/thumbs/martial-saddier.jpg,,False,False
33,,Bérangère Couillard,Députée LREM,images/thumbs/berangere-couillard.jpg,,False,False
30,,Anthony Cellier,Député LREM,images/thumbs/anthony-cellier.jpg,,False,False
63,,Christine Pires Beaune,Députée NG,images/thumbs/christine-pires-beaune.jpg,,False,False
17,raphael.gerard@assemblee-nationale.fr,Raphaël Gérard,Député LREM,images/thumbs/raphael-gerard.jpg,@RaphaelGerard17,False,False
59,,Jennifer De Temmerman,Députée LREM,images/thumbs/jennifer-de-temmerman.jpg,,False,False
44,,Yannick Haury,Député LREM,images/thumbs/yannick-haury.jpg,,False,False
95,,Nathalie Elimas,Députée MODEM,images/thumbs/nathalie-elimas.jpg,,False,False
34,,Coralie Dubost,Députée LREM,images/thumbs/coralie-dubost.jpg,,False,False
999,,Anne Genetet,Députée LREM,images/thumbs/anne-genetet.jpg,,False,False
65,,Jeanine Dubié,Députée NI,images/thumbs/jeanine-dubie.jpg,,False,False
77,,Aude Luquet,Députée MODEM,images/thumbs/aude-luquet.jpg,,False,False
51,,Lise Magnier,Députée UAI,images/thumbs/lise-magnier.jpg,,False,False
31,,Élisabeth Toutut-Picard,Députée LREM,images/thumbs/elisabeth-toutut-picard.jpg,,False,False
39,,Danielle Brulebois,Députée LREM,images/thumbs/danielle-brulebois.jpg,,False,False
15,jean-yves.bony@assemblee-nationale.fr,Jean-Yves Bony,Député LR,images/thumbs/jean-yves-bony.jpg,,False,False
42,,Valéria Faure-Muntian,Députée LREM,images/thumbs/valeria-faure-muntian.jpg,,False,False
24,,Michel Delpon,Député LREM,images/thumbs/michel-delpon.jpg,,False,False
56,,Hervé Pellois,Député LREM,images/thumbs/herve-pellois.jpg,,False,False
91,,Cédric Villani,Député LREM,images/thumbs/cedric-villani.jpg,,False,False
50,,Grégory Galbadon,Député LREM,images/thumbs/gregory-galbadon.jpg,,False,False
59,,Paul Christophe,Député UAI,images/thumbs/paul-christophe.jpg,,False,False
69,,Hubert Julien-Laferriere,Député LREM,images/thumbs/hubert-julien-laferriere.jpg,,False,False
52,,Bérangère Abba,Députée LREM,images/thumbs/berangere-abba.jpg,,False,False
95,,Cécile Rilhac,Députée LREM,images/thumbs/cecile-rilhac.jpg,,False,False
40,,Boris Vallaud,Député NG,images/thumbs/boris-vallaud.jpg,,False,False
60,carole.bureau-bonnard@assemblee-nationale.fr,Carole Bureau-Bonnard,Députée LREM,images/thumbs/carole-bureau-bonnard.jpg,@CaroleBBonnard,False,False
06,,Laurence Trastour-Isnart,Députée LR,images/thumbs/laurence-trastour-isnart.jpg,,False,False
63,,Valérie Thomas,Députée LREM,images/thumbs/valerie-thomas.jpg,,False,False
56,,Nicole Le Peih,Députée LREM,images/thumbs/nicole-le-peih.jpg,,False,False
05,,Pascale Boyer,Députée LREM,images/thumbs/pascale-boyer.jpg,,False,False
78,,Natalia Pouzyreff,Députée LREM,images/thumbs/natalia-pouzyreff.jpg,,False,False
57,,Ludovic Mendes,Député LREM,images/thumbs/ludovic-mendes.jpg,,False,False
83,,Cécile Muschotti,Députée LREM,images/thumbs/cecile-muschotti.jpg,,False,False
38,,Émilie Chalas,Députée LREM,images/thumbs/emilie-chalas.jpg,,False,False
38,,Marjolaine Meynier-Millefert,Députée LREM,images/thumbs/marjolaine-meynier-millefert.jpg,,False,False
86,,Nicolas Turquois,Député MODEM,images/thumbs/nicolas-turquois.jpg,,False,False
75,daniele.obono@assemblee-nationale.fr,Danièle Obono,Députée LFI,images/thumbs/daniele-obono.jpg,@Deputee_Obono,False,False
69,,Jean-Luc Fugit,Député LREM,images/thumbs/jean-luc-fugit.jpg,,False,False
05,,Joël Giraud,Député LREM,images/thumbs/joel-giraud.jpg,,False,False
75,,Delphine O,Députée LREM,images/thumbs/delphine-o.jpg,,False,False
02,,Jean-Louis Bricout,Député NG,images/thumbs/jean-louis-bricout.jpg,,False,False
999,,Frédéric Petit,Député MODEM,images/thumbs/frederic-petit.jpg,,False,False
31,,Joël Aviragnet,Député NG,images/thumbs/joel-aviragnet.jpg,,False,False
74,,Véronique Riotton,Députée LREM,images/thumbs/veronique-riotton.jpg,,False,False
64,,Florence Lasserre-David,Députée MODEM,images/thumbs/florence-lasserre-david.jpg,,False,False
38,,Jean-Charles Colas-Roy,Député LREM,images/thumbs/jean-charles-colas-roy.jpg,,False,False
53,,Guillaume Garot,Député NG,images/thumbs/guillaume-garot.jpg,,False,False
11,mireille.robert@assemblee-nationale.fr,Mireille Robert,Députée LREM,images/thumbs/mireille-robert.jpg,@MRobert_11,False,False
21,,Yolaine de Courson,Députée LREM,images/thumbs/yolaine-de-courson.jpg,,False,False
83,,Fabien Matras,Député LREM,images/thumbs/fabien-matras.jpg,,False,False
38,,Olivier Véran,Député LREM,images/thumbs/olivier-veran.jpg,,False,False
75,,Olivia Grégoire,Députée LREM,images/thumbs/olivia-gregoire.jpg,,False,False
33,,Catherine Fabre,Députée LREM,images/thumbs/catherine-fabre.jpg,,False,False
45,,Caroline Janvier,Députée LREM,images/thumbs/caroline-janvier.jpg,,False,False
69,,Thomas Rudigoz,Député LREM,images/thumbs/thomas-rudigoz.jpg,,False,False
38,,Catherine Kamowski,Députée LREM,images/thumbs/catherine-kamowski.jpg,,False,False
02C,,Paul-André Colombani,Député NI,images/thumbs/paul-andre-colombani.jpg,,False,False
06,,Cédric Roussel,Député LREM,images/thumbs/cedric-roussel.jpg,,False,False
92,contact@lauriannerossi.fr,Laurianne Rossi,Députée LREM,images/thumbs/laurianne-rossi.jpg,@lauriannerossi,False,False
56,,Paul Molac,Député LREM,images/thumbs/paul-molac.jpg,,False,False
56,,Jimmy Pahun,Député MODEM,images/thumbs/jimmy-pahun.jpg,,False,False
37,,Philippe Chalumeau,Député LREM,images/thumbs/philippe-chalumeau.jpg,,False,False
04,,Delphine Bagarry,Députée LREM,images/thumbs/delphine-bagarry.jpg,,False,False
25,,Frédéric Barbier,Député LREM,images/thumbs/frederic-barbier.jpg,,False,False
31,,Sébastien Nadot,Député LREM,images/thumbs/sebastien-nadot.jpg,,False,False
45,,Richard Ramos,Député MODEM,images/thumbs/richard-ramos.jpg,,False,False
76,,Christophe Bouillon,Député NG,images/thumbs/christophe-bouillon.jpg,,False,False
92,,Isabelle Florennes,Députée MODEM,images/thumbs/isabelle-florennes.jpg,,False,False
78,,Bruno Millienne,Député MODEM,images/thumbs/bruno-millienne.jpg,,False,False
01,olga.givernet@assemblee-nationale.fr,Olga Givernet,Députée LREM,images/thumbs/olga-givernet.jpg,@OlgaGivernet,False,False
27,,Marie Tamarelle-Verhaeghe,Députée LREM,images/thumbs/marie-tamarelle-verhaeghe.jpg,,False,False
33,,Sophie Panonacle,Députée LREM,images/thumbs/sophie-panonacle.jpg,,False,False
92,,Céline Calvez,Députée LREM,images/thumbs/celine-calvez.jpg,,False,False
13,,Claire Pitollat,Députée LREM,images/thumbs/claire-pitollat.jpg,,False,False
79,,Delphine Batho,Députée NI,images/thumbs/delphine-batho.jpg,,False,False
06,,Marine Brenier,Députée LR,images/thumbs/marine-brenier.jpg,,False,False
24,,Jacqueline Dubois,Députée LREM,images/thumbs/jacqueline-dubois.jpg,,False,False
72,,Marietta Karamanli,Députée NG,images/thumbs/marietta-karamanli.jpg,,False,False
31,,Jean-Luc Lagleize,Député MODEM,images/thumbs/jean-luc-lagleize.jpg,,False,False
94,,Laurent Saint-Martin,Député LREM,images/thumbs/laurent-saint-martin.jpg,,False,False
46,huguette.tiegna@assemblee-nationale.fr,Huguette Tiegna,Députée LREM,images/thumbs/huguette-tiegna.jpg,@HuguetteLREM46,False,False
62,,Jean-Pierre Pont,Député LREM,images/thumbs/jean-pierre-pont.jpg,,False,False
64,,Vincent Bru,Député MODEM,images/thumbs/vincent-bru.jpg,,False,False
59,,Vincent Ledoux,Député UAI,images/thumbs/vincent-ledoux.jpg,,False,False
34,,Patrick Vignal,Député LREM,images/thumbs/patrick-vignal.jpg,,False,False
86,,Jean-Michel Clément,Député LREM,images/thumbs/jean-michel-clement.jpg,,False,False
35,,François André,Député LREM,images/thumbs/francois-andre.jpg,,False,False
999,,Meyer Habib,Député UDI,images/thumbs/meyer-habib.jpg,,False,False
90,,Michel Zumkeller,Député UAI,images/thumbs/michel-zumkeller.jpg,,False,False
76,,Sira Sylla,Députée LREM,images/thumbs/sira-sylla.jpg,,False,False
69,blandine.brocard@assemblee-nationale.fr,Blandine Brocard,Députée LREM,images/thumbs/blandine-brocard.jpg,@BBrocard,False,False
71,remy.rebeyrotte@assemblee-nationale.fr,Rémy Rebeyrotte,Député LREM,images/thumbs/remy-rebeyrotte.jpg,@RRebeyrotte,False,False
30,philippeberta30@gmail.com,Philippe Berta,Député MODEM,images/thumbs/philippe-berta.jpg,@PBertaGard,False,False
35,laurence.maillart-mehaignerie@assemblee-nationale.fr,Laurence Maillart-Méhaignerie,Députée LREM,images/thumbs/laurence-maillart-mehaignerie.jpg,@LMaillart,False,False
60,pascal.bois@assemblee-nationale.fr,Pascal Bois,Député LREM,images/thumbs/pascal-bois.jpg,@PascalBoisLaREM,False,False
974,thierry.robert@assemblee-nationale.fr,Thierry Robert,Député MODEM,images/thumbs/thierry-robert.jpg,@trobert974,False,False
35,christine.cloarec@assemblee-nationale.fr,Christine Cloarec,Députée LREM,images/thumbs/christine-cloarec.jpg,@ChrisCloarec,False,False
82,valerie.rabault@assemblee-nationale.fr,Valérie Rabault,Députée NG,images/thumbs/valerie-rabault.jpg,@Valerie_Rabault,True,False
02,aude.bono-vandorme@assemblee-nationale.fr,Aude Bono-Vandorme,Députée LREM,images/thumbs/aude-bono-vandorme.jpg,@AudeBono,False,False
95,guillaume.vuilletet@assemblee-nationale.fr,Guillaume Vuilletet,Député LREM,images/thumbs/guillaume-vuilletet.jpg,@g_vuilletet,False,False
29,annaig.lemeur@assemblee-nationale.fr,Annaïg Le Meur,Députée LREM,images/thumbs/annaig-le-meur.jpg,@AnnaigLeMeur_AN,False,False
999,joachim.son-forget@assemblee-nationale.fr,Joachim Son-Forget,Député LREM,images/thumbs/joachim-son-forget.jpg,@sonjoachim,False,False
78,michel.vialay@assemblee-nationale.fr,Michel Vialay,Député LR,images/thumbs/michel-vialay.jpg,@MichelVialay,False,False
78,jean-noel.barrot@assemblee-nationale.fr,Jean-Noël Barrot,Député MODEM,images/thumbs/jean-noel-barrot.jpg,@jnbarrot,False,False
79,guillaume.chiche@assemblee-nationale.fr,Guillaume Chiche,Député LREM,images/thumbs/guillaume-chiche.jpg,@GuillaumeChiche,True,False
12,stephane.mazars@assemblee-nationale.fr,Stéphane Mazars,Député LREM,images/thumbs/stephane-mazars.jpg,@s_mazars,False,False
69,anne.brugnera@assemblee-nationale.fr,Anne Brugnera,Députée LREM,images/thumbs/anne-brugnera.jpg,@AnneBrugnera,False,False
54,xavier.paluszkiewicz@assemblee-nationale.fr,Xavier Paluszkiewicz,Député LREM,images/thumbs/xavier-paluszkiewicz.jpg,@XavierPalu2017,False,False
83,Philippe.Michel-Kleisbauer@assemblee-nationale.fr,Philippe Michel-Kleisbauer,Député MODEM,images/thumbs/philippe-michel-kleisbauer.jpg,@PhilippeMichelK,False,False
51,valerie.beauvais@assemblee-nationale.fr,Valérie Beauvais,Députée LR,images/thumbs/valerie-beauvais.jpg,@valbeauvais,False,False
47,alexandre.freschi@assemblee-nationale.fr,Alexandre Freschi,Député LREM,images/thumbs/alexandre-freschi.jpg,@AVFreschi,False,False
31,sandrine.morch@assemblee-nationale.fr,Sandrine Mörch,Députée LREM,images/thumbs/sandrine-moerch.jpg,@SandrineMorch,False,False
75,hugues.renson@assemblee-nationale.fr,Hugues Renson,Député LREM,images/thumbs/hugues-renson.jpg,@huguesrenson,False,False
21,didier.martin@assemblee-nationale.fr,Didier Martin,Député LREM,images/thumbs/didier-martin.jpg,@dmartindijon,False,False
87,jean-baptiste.djebbari@assemblee-nationale.fr,Jean-Baptiste Djebbari,Député LREM,images/thumbs/jean-baptiste-djebbari.jpg,@Djebbari_JB,False,False
13,mg.michel3@icloud.com,Monica Michel,Députée LREM,images/thumbs/monica-michel.jpg,@MonicaMichel_Of,False,False
74,xavier.roseren@assemblee-nationale.fr,Xavier Roseren,Député LREM,images/thumbs/xavier-roseren.jpg,@roserenxavier,False,False
92,jean-louis.bourlanges@assemblee-nationale.fr,Jean-Louis Bourlanges,Député MODEM,images/thumbs/jean-louis-bourlanges.jpg,,False,False
75,pacome.rupin@assemblee-nationale.fr,Pacôme Rupin,Député LREM,images/thumbs/pacome-rupin.jpg,@PacomeRupin,False,False
02C,jean-felix.acquaviva@assemblee-nationale.fr,Jean-Félix Acquaviva,Député NI,images/thumbs/jean-felix-acquaviva.jpg,@JF_Acquaviva,False,False
02C,michel.castellani@assemblee-nationale.fr,Michel Castellani,Député NI,images/thumbs/michel-castellani.jpg,@Castellani_,False,False
999,paula@forteza.fr,Paula Forteza,Députée LREM,images/thumbs/paula-forteza.jpg,@PaulaForteza,False,False
78,michele.devaucouleurs@assemblee-nationale.fr,Michèle de Vaucouleurs,Députée MODEM,images/thumbs/michele-de-vaucouleurs.jpg,@MdeVaucouleurs,False,False
74,marion.lenne@assemblee-nationale.fr,Marion Lenne,Députée LREM,images/thumbs/marion-lenne.jpg,@marion_lenne,False,False
01,damien.abad@assemblee-nationale.fr,Damien Abad,Député LR,images/thumbs/damien-abad.jpg,@damienabad,False,False
74,frederique.lardet@assemblee-nationale.fr,Frédérique Lardet,Députée LREM,images/thumbs/frederique-lardet.jpg,@F_Lardet,False,False
73,typhanie.degois@assemblee-nationale.fr,Typhanie Degois,Députée LREM,images/thumbs/typhanie-degois.jpg,@Typhanie_Degois,False,False
04,Emmanuelle.Fontaine-Domeizel@assemblee-nationale.fr,Emmanuelle Fontaine-Domeizel,Députée LREM,images/thumbs/emmanuelle-fontaine-domeizel.jpg,,False,False
73,patrick.mignola@assemblee-nationale.fr,Patrick Mignola,Député MODEM,images/thumbs/patrick-mignola.jpg,@PatrickMignola,False,False
02,julien@jdive.fr,Julien Dive,Député LR,images/thumbs/julien-dive.jpg,@juliendive,False,False
972,serge.letchimy@assemblee-nationale.fr,Serge Letchimy,Député NG,images/thumbs/serge-letchimy.jpg,@SergeLetchimy,False,False
57,belkhir.belhaddad@en-marche.fr,Belkhir Belhaddad,Député LREM,images/thumbs/belkhir-belhaddad.jpg,@b_belhaddad,False,False
01,xavier.breton@assemblee-nationale.fr,Xavier Breton,Député LR,images/thumbs/xavier-breton.jpg,@bretonxavier,False,False
13,mohamed.laqhila@assemblee-nationale.fr,Mohamed Laqhila,Député MODEM,images/thumbs/mohamed-laqhila.jpg,@laqhila,False,False
02,marc.delatte@assemblee-nationale.fr,Marc Delatte,Député LREM,images/thumbs/marc-delatte.jpg,@MarcDelatte,False,False
